{
  "pretrained_accuracy": 99.41634241245137,
  "scratch_accuracy": 26.556420233463037,
  "difference": 72.85992217898834
}